[
  {
    "id": "08a6a111-98e5-4e73-bdbd-ad87f3f96cec",
    "data": [
      {
        "text": "payment is completed",
        "userDefined": false
      }
    ],
    "isTemplate": false,
    "count": 0,
    "lang": "en",
    "updated": 0
  },
  {
    "id": "570b52fa-cbd4-4c52-ae96-e56658efea87",
    "data": [
      {
        "text": "done with payment",
        "userDefined": false
      }
    ],
    "isTemplate": false,
    "count": 0,
    "lang": "en",
    "updated": 0
  },
  {
    "id": "98fc0ed9-25e6-403c-bef9-e91389aa4a1c",
    "data": [
      {
        "text": "Payment Completed",
        "userDefined": false
      }
    ],
    "isTemplate": false,
    "count": 2,
    "lang": "en",
    "updated": 0
  },
  {
    "id": "0b05fefb-7596-4282-8489-13764ba7ff6f",
    "data": [
      {
        "text": "Payment is ",
        "userDefined": false
      },
      {
        "text": "done",
        "userDefined": false
      }
    ],
    "isTemplate": false,
    "count": 1,
    "lang": "en",
    "updated": 0
  }
]