[
  {
    "id": "ae6286e6-ec45-4ad6-800b-e3292d0c8ef3",
    "data": [
      {
        "text": "Book train ticket to ",
        "userDefined": false
      },
      {
        "text": "Pune",
        "meta": "@sys.geo-city",
        "alias": "destination",
        "userDefined": true
      },
      {
        "text": " from ",
        "userDefined": false
      },
      {
        "text": "Agra",
        "meta": "@sys.geo-city",
        "alias": "origin",
        "userDefined": true
      },
      {
        "text": " for ",
        "userDefined": false
      },
      {
        "text": "today",
        "meta": "@sys.date-time",
        "alias": "travelDate",
        "userDefined": true
      }
    ],
    "isTemplate": false,
    "count": 0,
    "lang": "en",
    "updated": 0
  },
  {
    "id": "c66f8e6d-bfae-42cc-b5a9-6e1704be555f",
    "data": [
      {
        "text": "Book a train ticket from ",
        "userDefined": false
      },
      {
        "text": "Delhi",
        "meta": "@sys.geo-city",
        "alias": "origin",
        "userDefined": true
      },
      {
        "text": " to  ",
        "userDefined": false
      },
      {
        "text": "Bangalore",
        "meta": "@sys.geo-city",
        "alias": "destination",
        "userDefined": true
      },
      {
        "text": " for ",
        "userDefined": false
      },
      {
        "text": "tomorrow",
        "meta": "@sys.date-time",
        "alias": "travelDate",
        "userDefined": true
      }
    ],
    "isTemplate": false,
    "count": 0,
    "lang": "en",
    "updated": 0
  },
  {
    "id": "9497c924-47f2-41e3-98ab-52c17af17f9d",
    "data": [
      {
        "text": "book a train ticket from delhi to mumbai ",
        "userDefined": false
      },
      {
        "text": "today",
        "userDefined": true
      }
    ],
    "isTemplate": false,
    "count": 0,
    "lang": "en",
    "updated": 0
  },
  {
    "id": "f8c2fac8-88b5-498d-8959-ddad48c7266b",
    "data": [
      {
        "text": "book a train ticket from ",
        "userDefined": false
      },
      {
        "text": "delhi",
        "meta": "@sys.geo-city",
        "alias": "origin",
        "userDefined": true
      },
      {
        "text": " to ",
        "userDefined": false
      },
      {
        "text": "mumbai",
        "meta": "@sys.geo-city",
        "alias": "destination",
        "userDefined": true
      }
    ],
    "isTemplate": false,
    "count": 0,
    "lang": "en",
    "updated": 0
  },
  {
    "id": "64c55399-b119-4bf3-82d7-b8c4bca5f66c",
    "data": [
      {
        "text": "Book a train ticket",
        "userDefined": false
      }
    ],
    "isTemplate": false,
    "count": 0,
    "lang": "en",
    "updated": 0
  }
]